{
  "totalDex": 1025,
  "present": 956,
  "placeholders": 69,
  "anomalies": 1940,
  "avgFrameWidth": 151.0199789695058,
  "avgFrameHeight": 47.88222923238696,
  "avgGroundOffset": 17.993690851735014,
  "avgCenterOffset": -0.38065194532071506
}