{
  "totalDex": 1025,
  "present": 965,
  "placeholders": 60,
  "anomalies": 2141,
  "avgFrameWidth": 76.925,
  "avgFrameHeight": 47.94166666666667,
  "avgGroundOffset": 18.759375,
  "avgCenterOffset": -0.3458333333333333
}